frame_id,center_x,center_y,nb_points
0,627.0,350.5,60
1,621.3939208984375,339.9992980957031,38
2,617.73486328125,337.20367431640625,37
3,616.4776000976562,337.2550964355469,37
4,615.2175903320312,337.0442199707031,37
5,616.5,353.5,70
6,607.7295532226562,347.9413146972656,42
7,606.3604736328125,347.7274169921875,42
8,605.0081176757812,347.45257568359375,42
9,604.057861328125,347.33941650390625,42
10,615.5,354.5,72
11,606.1054077148438,350.8298034667969,49
12,604.5112915039062,350.61968994140625,48
13,603.01416015625,350.388916015625,48
14,601.5966796875,350.220947265625,48
15,614.0,349.0,80
16,610.9354248046875,341.9321594238281,49
17,607.7435302734375,342.08935546875,48
18,605.27587890625,341.88800048828125,47
19,604.5109252929688,341.9028015136719,47
20,613.0,351.0,73
21,601.6265869140625,346.0008239746094,44
22,598.8424072265625,345.989013671875,42
23,599.1320190429688,345.93218994140625,42
24,599.7301025390625,345.88800048828125,42
25,616.0,349.0,73
26,615.04296875,346.0068359375,42
27,615.41259765625,346.1012878417969,42
28,615.41650390625,345.86358642578125,42
29,615.721923828125,348.42230224609375,41
30,616.5,349.5,74
31,611.6221923828125,346.6087951660156,44
32,608.6358642578125,344.4560241699219,43
33,608.9612426757812,344.4872131347656,43
34,609.224609375,344.5903625488281,43
35,602.0,349.5,70
36,589.6170654296875,349.0378112792969,49
37,588.8030395507812,347.81756591796875,47
38,588.9176635742188,347.7615966796875,47
39,588.6981811523438,347.57830810546875,47
40,601.0,344.0,75
41,589.9402465820312,340.89849853515625,51
42,589.83447265625,340.8870849609375,50
43,590.56787109375,340.7606201171875,50
44,590.906005859375,340.67706298828125,50
45,605.0,341.0,71
46,598.7098388671875,336.8483581542969,51
47,597.8076171875,336.6966247558594,51
48,597.9274291992188,336.7198181152344,51
49,598.1398315429688,336.7293395996094,51
50,604.0,341.0,69
51,595.9613647460938,340.34796142578125,48
52,596.0059814453125,339.75262451171875,48
53,596.36279296875,339.5474853515625,48
54,596.024169921875,339.3365478515625,48
55,602.0,339.0,74
56,592.7640380859375,336.32281494140625,54
57,591.1296997070312,333.944091796875,52
58,590.725830078125,334.51116943359375,51
59,588.7164306640625,333.39154052734375,50
60,595.0,335.5,68
61,582.2631225585938,334.44097900390625,53
62,580.7003784179688,335.15679931640625,50
63,579.5209350585938,335.0853576660156,49
64,579.2552490234375,335.5274353027344,49
65,605.5,343.0,70
66,593.0064697265625,342.35552978515625,50
67,592.3233642578125,341.51458740234375,48
68,591.92236328125,341.73687744140625,48
69,591.2049560546875,341.6290283203125,48
70,603.5,337.0,80
71,599.983154296875,334.26776123046875,57
72,596.5518188476562,332.23858642578125,54
73,596.5725708007812,333.0713195800781,54
74,596.6590576171875,334.0259094238281,54
75,606.0,337.5,80
76,602.1975708007812,336.998779296875,59
77,601.785888671875,337.83721923828125,58
78,601.7982788085938,337.966796875,58
79,601.8898315429688,338.20587158203125,58
80,610.0,341.0,79
81,604.8450927734375,344.7265625,54
82,605.138916015625,344.9106750488281,54
83,605.8555908203125,345.2391052246094,54
84,605.9840087890625,345.6774597167969,54
85,610.5,339.5,78
86,607.019287109375,341.1361083984375,54
87,606.9935913085938,342.2301025390625,52
88,608.0872802734375,342.46630859375,52
89,609.086669921875,342.75091552734375,52
90,620.0,337.0,75
91,621.1796875,341.0091552734375,54
92,622.728515625,341.8947448730469,52
93,623.2053833007812,342.0751037597656,52
94,624.0755615234375,341.82598876953125,52
95,615.5,336.5,76
96,617.9302978515625,340.9206237792969,48
97,618.5567016601562,341.7478332519531,47
98,619.59228515625,341.57867431640625,46
99,620.493408203125,341.5141296386719,45
100,619.0,339.5,76
101,619.7233276367188,341.9017333984375,51
102,620.3571166992188,341.7359924316406,51
103,621.0034790039062,341.7151184082031,51
104,621.7059326171875,341.6927490234375,51
105,622.5,338.5,80
106,625.493408203125,339.2350158691406,52
107,628.090087890625,339.30609130859375,51
108,629.4205322265625,340.2574157714844,50
109,631.289306640625,339.27337646484375,49
110,627.0,342.0,76
111,631.3369750976562,344.74786376953125,52
112,632.6146240234375,344.5460205078125,50
113,633.11376953125,344.53662109375,50
114,633.8999633789062,344.23150634765625,50
115,622.0,337.5,58
116,628.2037963867188,338.0271301269531,37
117,629.9188232421875,338.3417053222656,34
118,632.0447998046875,341.53790283203125,32
119,633.9556884765625,344.5083312988281,31
120,624.5,336.5,56
121,626.509033203125,341.1841125488281,38
122,629.1010131835938,343.40936279296875,36
123,631.4661865234375,343.3979797363281,34
124,631.9330444335938,343.3448486328125,34
125,626.5,335.5,56
126,630.8927612304688,337.6075744628906,39
127,631.7081298828125,338.29998779296875,37
128,632.0177612304688,338.2441101074219,37
129,632.5136108398438,337.7857971191406,37
130,618.0,334.0,48
131,629.2875366210938,333.72039794921875,35
132,640.2221069335938,339.837646484375,29
133,641.983642578125,340.0799865722656,27
134,641.956787109375,340.5774230957031,26
135,628.0,334.0,49
136,643.2796630859375,334.61065673828125,30
137,644.83203125,334.31439208984375,29
138,645.1864624023438,334.68975830078125,29
139,645.7274169921875,335.43511962890625,29
140,625.5,337.5,44
141,643.4476318359375,340.07281494140625,30
142,647.1689453125,338.35009765625,28
143,647.5794677734375,338.46826171875,28
144,647.7500610351562,338.3974304199219,28
145,625.0,341.0,41
146,647.0140380859375,340.78363037109375,29
147,648.2684326171875,340.84368896484375,28
148,648.7191162109375,340.89910888671875,28
149,648.82568359375,340.90582275390625,28
150,645.0,342.0,40
151,650.466796875,341.7900390625,33
152,650.8526000976562,341.0798034667969,32
153,651.736328125,341.15069580078125,32
154,652.3197631835938,341.26068115234375,32
155,643.0,341.5,36
156,643.8018188476562,341.10394287109375,36
157,643.947998046875,340.9713439941406,36
158,644.55322265625,340.6905212402344,36
159,645.184326171875,340.31573486328125,36
160,626.5,347.0,40
161,633.4473266601562,344.3814697265625,36
162,642.3523559570312,339.3086853027344,33
163,647.327392578125,339.2503662109375,32
164,647.4852294921875,339.1317138671875,32
165,635.0,345.0,33
166,644.3622436523438,340.7679443359375,31
167,646.9893798828125,337.5519104003906,29
168,648.2102661132812,337.1468505859375,29
169,649.16796875,336.9632873535156,29
170,646.0,349.0,35
171,653.0505981445312,344.8689270019531,31
172,653.0855712890625,344.49114990234375,31
173,653.0852661132812,344.3996276855469,31
174,653.292724609375,344.25439453125,31
175,651.0,339.0,27
176,653.64990234375,338.14910888671875,24
177,653.9967651367188,338.3916320800781,24
178,653.8870239257812,338.60394287109375,24
179,653.8994140625,338.68304443359375,24
180,626.0,342.5,26
181,617.71435546875,340.0340576171875,23
182,617.3164672851562,339.9983215332031,23
183,611.5801391601562,339.6849670410156,22
184,611.254150390625,339.9517822265625,22
185,649.0,345.0,27
186,648.747314453125,343.42742919921875,26
187,648.273681640625,343.76495361328125,26
188,647.5217895507812,344.291015625,26
189,647.0001220703125,344.6007080078125,26
190,640.5,343.5,30
191,646.013916015625,343.5146789550781,29
192,645.5726318359375,343.86798095703125,29
193,644.3925170898438,344.35467529296875,29
194,643.5288696289062,345.38702392578125,29
195,643.0,346.0,29
196,645.6997680664062,347.33831787109375,28
197,644.7994384765625,348.05999755859375,28
198,643.9693603515625,348.8134460449219,28
199,643.1416015625,349.8539733886719,28
200,637.0,351.0,27
201,637.0950927734375,352.6570739746094,26
202,636.1009521484375,353.65264892578125,26
203,635.2998046875,355.157958984375,26
204,634.3970947265625,356.87200927734375,26
205,619.5,355.0,30
206,618.9758911132812,356.61627197265625,30
207,617.9978637695312,357.9831237792969,30
208,617.114990234375,359.1938171386719,30
209,616.5668334960938,360.5779724121094,30
210,618.0,363.0,33
211,624.040771484375,364.9366149902344,31
212,624.697021484375,366.0322265625,31
213,625.4611206054688,367.1386413574219,31
214,626.331787109375,368.2164001464844,31
215,617.0,365.0,39
216,619.290283203125,368.0985412597656,37
217,619.4345092773438,368.64129638671875,37
218,619.6961059570312,369.4677429199219,37
219,619.7371826171875,369.9352722167969,37
220,614.0,362.0,37
221,613.9989013671875,362.5076904296875,37
222,614.031494140625,362.90478515625,37
223,614.0435791015625,363.4010314941406,37
224,614.1123046875,363.7489013671875,37
225,611.0,364.0,43
226,610.6448974609375,363.8288269042969,43
227,610.1998291015625,363.8224792480469,43
228,610.2625732421875,363.2496643066406,43
229,610.1292114257812,363.19549560546875,43
230,625.0,360.0,39
231,628.167724609375,361.30810546875,37
232,628.653076171875,360.789794921875,36
233,628.8529663085938,360.665283203125,36
234,628.7236328125,360.5650634765625,36
235,614.0,368.0,39
236,622.477294921875,367.58526611328125,37
237,623.3671875,368.51593017578125,36
238,623.7154541015625,368.1571044921875,36
239,623.9451904296875,367.7615966796875,36
240,619.0,362.0,34
241,624.1842041015625,364.6006774902344,33
242,626.5653076171875,365.41357421875,32
243,626.51953125,364.6993408203125,32
244,626.3855590820312,364.4596862792969,32
245,614.0,367.5,34
246,617.0403442382812,367.49481201171875,33
247,620.3012084960938,367.2160339355469,32
248,620.343994140625,366.7274169921875,32
249,620.2108154296875,366.25152587890625,32
250,614.0,364.0,35
251,629.7547607421875,364.8587646484375,32
252,632.828369140625,365.2230224609375,30
253,634.4121704101562,364.1456604003906,29
254,634.4138793945312,363.24176025390625,29
255,622.0,361.0,31
256,630.3035278320312,361.364501953125,29
257,632.7189331054688,360.7987060546875,28
258,632.9353637695312,360.5516357421875,28
259,633.348876953125,360.2715148925781,28
260,596.5,360.0,36
261,589.2067260742188,359.59698486328125,33
262,584.0185546875,359.1787414550781,27
263,583.9439697265625,358.5770263671875,26
264,584.4827270507812,358.10809326171875,26
265,621.0,354.0,39
266,623.52587890625,354.5028991699219,37
267,623.7221069335938,353.9946594238281,37
268,628.7788696289062,355.49554443359375,36
269,633.46142578125,357.095947265625,35
270,631.0,350.0,41
271,637.4036865234375,353.6643981933594,39
272,639.5338745117188,356.96917724609375,37
273,642.4102783203125,354.96673583984375,36
274,645.353271484375,352.92132568359375,35
275,632.0,357.0,42
276,635.154541015625,357.68255615234375,40
277,635.452880859375,357.65216064453125,40
278,635.6739501953125,356.99969482421875,40
279,635.6270751953125,356.6424560546875,40
280,632.0,355.0,46
281,637.236083984375,355.03814697265625,44
282,637.432861328125,354.6135559082031,44
283,637.913818359375,354.2854309082031,44
284,638.202392578125,353.743896484375,44
285,620.0,348.0,37
286,620.5665893554688,347.4871826171875,37
287,620.1272583007812,346.7116394042969,37
288,620.5894165039062,345.9889831542969,37
289,616.96533203125,344.6548767089844,36
290,644.0,349.0,37
291,650.2123413085938,348.3907470703125,35
292,653.98974609375,347.66180419921875,32
293,655.8737182617188,346.821044921875,30
294,656.0360717773438,346.21051025390625,30
295,637.5,350.0,44
296,646.150146484375,349.81781005859375,41
297,647.40576171875,348.38458251953125,40
298,647.8956909179688,348.044677734375,40
299,648.1883544921875,347.36663818359375,40
300,612.0,346.0,50
301,604.3252563476562,343.3663330078125,44
302,602.5252075195312,343.51654052734375,39
303,601.39453125,343.38885498046875,38
304,601.4820556640625,342.7076416015625,38
305,623.5,347.0,52
306,615.34423828125,343.0428161621094,44
307,612.9640502929688,342.6636962890625,43
308,607.3777465820312,341.6062927246094,41
309,606.94873046875,341.8215026855469,40
310,608.0,348.0,55
311,600.9432373046875,346.9801025390625,44
312,598.6444091796875,346.1892395019531,42
313,598.0210571289062,346.2173767089844,41
314,597.8150024414062,346.04852294921875,40
315,612.0,346.0,61
316,606.607421875,342.6173400878906,52
317,604.6402587890625,344.2694091796875,48
318,604.7216796875,343.3682861328125,48
319,604.707275390625,342.7505187988281,48
320,607.0,342.0,53
321,603.6517333984375,341.6419677734375,44
322,603.6153564453125,340.6026916503906,43
323,603.957763671875,340.0208435058594,43
324,604.4822387695312,339.24005126953125,43
325,608.5,349.5,64
326,600.3006591796875,344.9259033203125,51
327,598.895751953125,347.04669189453125,48
328,598.6057739257812,345.7098693847656,47
329,598.572509765625,344.74700927734375,47
330,608.0,346.0,61
331,599.9766845703125,343.0010070800781,49
332,597.990234375,345.5249938964844,46
333,598.0323486328125,344.130126953125,46
334,597.9234619140625,342.66546630859375,46
335,611.0,345.0,69
336,600.1000366210938,341.579833984375,54
337,597.8922119140625,342.04443359375,50
338,597.8062744140625,341.51416015625,50
339,597.7683715820312,341.0548095703125,50
340,609.0,342.0,65
341,600.935791015625,341.38641357421875,52
342,599.5313720703125,342.4736633300781,49
343,599.3682861328125,342.36358642578125,49
344,598.912109375,342.1596374511719,49
345,615.0,342.0,65
346,607.4949951171875,336.5343933105469,51
347,606.8256225585938,337.6259460449219,50
348,606.0845947265625,339.71002197265625,49
349,605.2420654296875,339.2489013671875,49
350,612.0,336.0,64
351,603.8525390625,332.5979919433594,55
352,602.3148193359375,333.432373046875,50
353,601.9024658203125,333.14520263671875,50
354,601.5367431640625,332.97198486328125,50
355,612.5,339.0,58
356,603.971435546875,333.19189453125,48
357,602.6085205078125,333.4599609375,43
358,602.3257446289062,333.9786376953125,43
359,602.143310546875,334.2236328125,43
360,612.0,339.0,61
361,603.051513671875,329.022705078125,51
362,602.7756958007812,328.3186950683594,47
363,602.785888671875,328.34405517578125,47
364,602.560302734375,328.83233642578125,47
365,607.0,341.0,68
366,601.9502563476562,336.37579345703125,57
367,599.7550048828125,336.4762268066406,55
368,598.9906616210938,337.403076171875,54
369,598.9536743164062,337.4644775390625,54
370,606.0,340.0,61
371,598.657470703125,336.04052734375,51
372,597.6015625,336.56829833984375,50
373,596.0911865234375,337.2242736816406,49
374,594.2599487304688,338.032470703125,48
375,607.0,343.0,63
376,602.3078002929688,333.85455322265625,51
377,602.0447998046875,330.124755859375,49
378,601.1331787109375,330.20245361328125,48
379,600.5955810546875,330.1458740234375,48
380,605.0,345.0,58
381,599.4268798828125,340.0782470703125,48
382,598.689697265625,341.06390380859375,47
383,598.0791625976562,341.06719970703125,47
384,597.4690551757812,341.096435546875,47
385,601.0,341.0,61
386,595.337646484375,332.89532470703125,52
387,592.031982421875,331.937255859375,50
388,590.8294677734375,330.57403564453125,48
389,587.91015625,329.6287841796875,47
390,596.0,341.0,50
391,594.4595336914062,336.75311279296875,44
392,593.030517578125,335.7364807128906,42
393,592.0777587890625,335.40185546875,41
394,592.1137084960938,335.3789978027344,41
395,598.5,350.0,62
396,591.81884765625,341.6539611816406,52
397,589.619140625,342.0354919433594,50
398,589.5931396484375,342.53875732421875,50
399,590.3046264648438,342.6802673339844,50
400,599.0,338.5,54
401,595.6932373046875,336.7230224609375,48
402,596.0411376953125,336.3851318359375,47
403,596.488525390625,336.5101623535156,47
404,596.8331909179688,336.6549377441406,47
405,599.5,345.5,54
406,598.48486328125,342.89019775390625,48
407,598.6522827148438,341.56353759765625,47
408,599.0818481445312,341.3446044921875,47
409,599.643798828125,342.009765625,47
410,601.0,347.5,58
411,599.9520263671875,343.76666259765625,51
412,600.0372314453125,343.81719970703125,51
413,600.1431274414062,344.0552978515625,51
414,600.5416259765625,344.0567626953125,51
415,607.0,344.0,51
416,604.9881591796875,342.4772033691406,43
417,604.9508056640625,342.27545166015625,43
418,604.7935791015625,342.349609375,43
419,605.0476684570312,342.5373840332031,43
420,602.0,344.0,65
421,600.0091552734375,339.020263671875,56
422,599.19384765625,338.9512939453125,55
423,599.286865234375,339.5731201171875,55
424,599.4718627929688,340.0810241699219,55
425,612.5,347.0,54
426,606.9696044921875,340.3271789550781,44
427,607.038330078125,340.928466796875,43
428,607.2467651367188,341.8551025390625,43
429,607.0699462890625,342.6478271484375,43
430,602.0,341.5,44
431,601.941650390625,342.3883361816406,44
432,602.1160888671875,343.23382568359375,44
433,602.236328125,344.1953125,44
434,602.7330322265625,345.2386779785156,44
435,595.5,347.0,50
436,595.7849731445312,347.9712829589844,50
437,596.0274047851562,348.82037353515625,50
438,596.2025146484375,349.29254150390625,50
439,596.4293212890625,349.9561767578125,50
440,602.0,353.0,54
441,598.76025390625,352.6517333984375,48
442,597.6376953125,353.21258544921875,47
443,597.80126953125,354.130859375,47
444,598.0291137695312,354.6238098144531,47
445,607.0,355.0,57
446,604.896484375,353.97369384765625,50
447,604.9733276367188,354.53094482421875,50
448,605.150146484375,355.2544860839844,50
449,605.436279296875,355.80010986328125,50
450,604.5,358.0,52
451,600.1655883789062,357.6380615234375,47
452,599.1871337890625,357.75091552734375,46
453,599.3330078125,358.24517822265625,46
454,599.3770751953125,358.45379638671875,46
455,605.5,354.0,52
456,598.05322265625,351.40362548828125,45
457,598.0592651367188,351.3995056152344,45
458,597.8646850585938,351.2819519042969,45
459,597.820068359375,351.0342102050781,45
460,600.0,356.0,49
461,601.5291748046875,356.04681396484375,48
462,601.43408203125,355.9454345703125,48
463,601.2847900390625,355.3412780761719,48
464,601.007080078125,355.17584228515625,48
465,600.5,356.5,46
466,602.7815551757812,356.6434631347656,45
467,602.289794921875,355.8980712890625,45
468,601.8558349609375,355.4539794921875,45
469,601.3583374023438,354.97906494140625,45
470,600.0,349.5,48
471,600.4339599609375,351.75579833984375,47
472,600.078369140625,351.601318359375,47
473,599.449951171875,350.9789733886719,47
474,599.1689453125,350.5998840332031,47
475,598.0,352.0,47
476,597.8550415039062,351.3501892089844,47
477,597.8865966796875,351.346923828125,47
478,597.88671875,351.3578796386719,47
479,597.8616943359375,351.3382873535156,47
480,594.0,350.0,49
481,593.9034423828125,349.97625732421875,49
482,593.8029174804688,349.8141174316406,49
483,593.7335815429688,349.84564208984375,49
484,593.8927001953125,349.79266357421875,49
485,595.0,349.5,50
486,594.9273681640625,349.433349609375,50
487,594.92724609375,349.1429443359375,50
488,594.8896484375,349.0032958984375,50
489,594.9046630859375,348.8066101074219,50
490,598.0,349.0,51
491,598.23779296875,348.8934326171875,51
492,598.3081665039062,348.6386413574219,51
493,598.3916625976562,348.39892578125,51
494,598.8125610351562,347.8324890136719,51
495,594.5,349.0,50
496,595.005859375,348.7505187988281,50
497,595.2127685546875,348.2380065917969,50
498,595.529541015625,347.8777770996094,50
499,595.755615234375,347.5091247558594,50
500,603.5,351.5,52
501,601.3583374023438,347.0099182128906,45
502,601.490234375,346.6269226074219,45
503,601.8574829101562,346.1923522949219,45
504,602.102783203125,345.74810791015625,45
505,610.0,353.0,53
506,606.4251708984375,351.6066589355469,46
507,606.7857666015625,351.001220703125,46
508,606.9503173828125,350.97296142578125,46
509,607.327392578125,350.64495849609375,46
510,611.5,352.5,54
511,611.4794921875,349.926025390625,49
512,611.5223388671875,349.6439514160156,49
513,611.8915405273438,349.33343505859375,49
514,611.8890991210938,348.8454284667969,49
515,610.0,349.0,58
516,607.516845703125,347.27142333984375,52
517,607.671142578125,346.86297607421875,52
518,607.9495849609375,346.5210266113281,52
519,607.9879150390625,346.44097900390625,52
520,611.0,349.0,59
521,609.2752075195312,341.9085388183594,51
522,608.7827758789062,341.82122802734375,50
523,608.815673828125,341.9569091796875,50
524,608.8189697265625,342.1898193359375,50
525,609.0,349.0,49
526,607.167236328125,344.70281982421875,42
527,606.2597045898438,343.19281005859375,41
528,606.4410400390625,343.5843505859375,41
529,606.5577392578125,343.78717041015625,41
530,613.0,350.0,57
531,610.1160278320312,347.0426940917969,49
532,609.7349853515625,346.10906982421875,48
533,610.0423583984375,346.36077880859375,48
534,610.2239379882812,346.6098327636719,48
535,610.0,345.5,56
536,608.1121826171875,342.5788269042969,51
537,608.0943603515625,343.0203857421875,50
538,608.3695678710938,343.54937744140625,50
539,608.6219482421875,344.229248046875,50
540,612.0,354.0,54
541,612.3123779296875,350.8129577636719,46
542,612.4474487304688,350.33648681640625,45
543,612.7918090820312,351.27081298828125,45
544,613.0946044921875,352.2236328125,45
545,614.0,348.0,52
546,611.408447265625,348.8192138671875,46
547,611.6552124023438,349.4646301269531,46
548,612.06396484375,350.1873779296875,46
549,612.2884521484375,350.42425537109375,46
550,615.0,355.0,55
551,612.4603881835938,351.6290283203125,47
552,610.6937255859375,352.03955078125,46
553,611.0543212890625,352.471435546875,46
554,611.4935302734375,353.0302734375,46
555,611.5,349.5,56
556,614.5718383789062,350.8187255859375,55
557,615.091064453125,351.30694580078125,55
558,615.5932006835938,351.9837341308594,55
559,616.2151489257812,352.04931640625,54
560,617.0,356.0,51
561,612.242919921875,350.3677978515625,44
562,612.7710571289062,350.9927673339844,44
563,613.36279296875,351.81927490234375,44
564,614.05908203125,352.38421630859375,44
565,613.5,357.5,54
566,613.218505859375,357.2017822265625,47
567,613.731201171875,357.80224609375,47
568,613.9153442382812,358.2388916015625,47
569,614.9005126953125,358.37213134765625,46
570,615.0,362.0,61
571,613.4774780273438,359.52606201171875,54
572,614.0301513671875,359.733642578125,54
573,614.3248291015625,360.15362548828125,54
574,614.7589111328125,360.04083251953125,54
575,617.0,357.0,48
576,618.3260498046875,357.2427978515625,46
577,618.7753295898438,357.6142883300781,46
578,619.0144653320312,357.97308349609375,46
579,619.4025268554688,358.3413391113281,46
580,616.5,358.5,54
581,619.6199951171875,359.13323974609375,52
582,620.7921142578125,360.8454895019531,51
583,621.7041015625,358.92315673828125,50
584,621.7842407226562,358.54083251953125,50
585,618.0,362.5,56
586,623.4686279296875,361.93511962890625,51
587,623.6497802734375,361.24432373046875,51
588,624.5452270507812,360.7929992675781,49
589,626.838134765625,361.11328125,48
590,617.0,361.0,55
591,621.2692260742188,360.0576171875,51
592,622.8819580078125,360.1162109375,48
593,622.8373413085938,360.1233825683594,48
594,622.94189453125,360.0074462890625,48
595,615.0,357.0,65
596,616.322509765625,355.8851013183594,62
597,617.9329833984375,355.57562255859375,60
598,618.1856689453125,356.7119445800781,59
599,618.1700439453125,356.5866394042969,59
600,617.0,358.5,66
601,620.3065185546875,358.39398193359375,60
602,625.6159057617188,358.04345703125,57
603,625.2554931640625,357.83111572265625,56
604,624.9527587890625,357.1693115234375,56
605,608.0,352.0,69
606,608.1419677734375,351.5223388671875,65
607,615.3846435546875,351.4325866699219,63
608,616.037353515625,351.47802734375,61
609,617.8194580078125,351.5862731933594,59
610,618.5,351.5,66
611,627.067626953125,354.2688903808594,58
612,628.75439453125,352.6526184082031,52
613,629.6295166015625,352.4424743652344,50
614,630.204833984375,353.5158996582031,49
615,618.0,356.5,68
616,623.73828125,358.80609130859375,62
617,625.4953002929688,358.6349182128906,59
618,628.166015625,358.3052978515625,56
619,628.1325073242188,358.26953125,54
620,613.5,351.5,68
621,614.10888671875,352.0208740234375,63
622,615.3207397460938,353.893310546875,62
623,616.8623046875,353.9527893066406,60
624,616.1229248046875,352.40728759765625,59
625,609.0,354.0,64
626,610.5096435546875,353.9954528808594,61
627,612.4240112304688,354.9220886230469,59
628,611.812255859375,354.3164367675781,59
629,611.7069091796875,354.5853576660156,59
630,615.0,353.5,64
631,624.0027465820312,353.68218994140625,56
632,626.789794921875,353.01507568359375,51
633,628.1847534179688,353.03399658203125,49
634,628.7392578125,352.29931640625,48
635,624.0,355.0,62
636,629.2283325195312,354.9275207519531,43
637,631.11669921875,352.9007873535156,41
638,634.2288208007812,352.3319396972656,39
639,633.6923828125,351.7078552246094,39
640,630.0,352.0,68
641,636.81005859375,349.43658447265625,47
642,637.183837890625,348.8423767089844,45
643,637.0107421875,347.94659423828125,45
644,637.0882568359375,347.40966796875,45
645,628.0,348.0,71
646,628.81103515625,342.0785217285156,51
647,629.0877075195312,341.08953857421875,50
648,629.4425659179688,340.4848327636719,49
649,629.4883422851562,340.0688781738281,49
650,635.0,349.5,74
651,639.5757446289062,345.4150695800781,51
652,640.3966064453125,345.4892578125,50
653,640.7044677734375,345.0093994140625,50
654,640.889892578125,344.22430419921875,50
655,642.0,346.0,71
656,646.43359375,346.6496887207031,53
657,647.2413940429688,346.2010192871094,53
658,648.1625366210938,346.0722351074219,53
659,648.1065673828125,345.0643615722656,53
660,631.5,345.5,80
661,638.5105590820312,344.8269348144531,59
662,639.4693603515625,344.0564880371094,57
663,641.2373046875,343.82855224609375,56
664,642.9725341796875,343.226806640625,55
665,640.0,344.0,75
666,646.4573974609375,344.2149963378906,54
667,647.4606323242188,342.8840637207031,53
668,647.646484375,343.3489074707031,52
669,647.7684326171875,342.37640380859375,52
670,643.0,338.0,69
671,649.1009521484375,337.2766418457031,48
672,649.3809204101562,336.993408203125,48
673,649.4744873046875,336.528564453125,48
674,649.5584716796875,336.31866455078125,48
675,642.5,341.0,72
676,650.4818725585938,340.5875244140625,52
677,651.5236206054688,341.0399169921875,51
678,651.5919799804688,340.79168701171875,51
679,651.7614135742188,340.34014892578125,51
680,642.5,338.0,74
681,647.9386596679688,337.62615966796875,54
682,647.8494873046875,337.7055358886719,53
683,647.8381958007812,337.2724609375,53
684,647.796875,337.3430480957031,53
685,645.0,337.0,63
686,650.2308959960938,338.8060302734375,48
687,650.6653442382812,339.40594482421875,47
688,650.1334838867188,339.5629577636719,47
689,650.0712280273438,339.7290344238281,47
690,639.0,337.0,59
691,645.1731567382812,337.29364013671875,43
692,645.119140625,337.3443298339844,43
693,644.2742919921875,337.65338134765625,43
694,643.7059936523438,337.7064514160156,43
695,643.0,343.5,60
696,647.5556030273438,344.8663635253906,47
697,647.0548706054688,344.97515869140625,47
698,646.552978515625,345.06634521484375,47
699,646.2156982421875,345.95587158203125,47
700,638.5,341.0,50
701,645.2216796875,340.3954162597656,39
702,645.1923217773438,340.6040954589844,39
703,644.78076171875,340.848876953125,39
704,644.394287109375,341.62005615234375,39
705,636.0,345.0,56
706,642.6859130859375,343.0106201171875,43
707,642.6668701171875,342.9797058105469,43
708,642.6815795898438,343.0001525878906,43
709,642.6215209960938,342.62518310546875,43
710,634.0,345.5,54
711,638.19287109375,343.9216003417969,43
712,637.9232788085938,343.7542724609375,43
713,638.505126953125,344.0825500488281,43
714,640.3065185546875,342.7742614746094,42
715,634.0,342.5,56
716,639.2379150390625,338.7967529296875,42
717,640.15087890625,337.9638977050781,41
718,639.5415649414062,337.9744567871094,41
719,641.3084106445312,338.1004638671875,41
720,633.0,343.0,59
721,636.69970703125,339.5148620605469,46
722,639.0852661132812,339.49407958984375,44
723,639.092529296875,339.56109619140625,44
724,639.0623168945312,339.4981384277344,44
725,635.0,341.5,70
726,642.641845703125,339.468994140625,56
727,642.501708984375,338.0141906738281,55
728,642.620849609375,337.8094787597656,55
729,642.1052856445312,337.68536376953125,55
730,629.5,344.5,66
731,633.884033203125,340.11041259765625,53
732,639.9637451171875,340.682373046875,50
733,639.7008056640625,340.873046875,50
734,639.4369506835938,341.03057861328125,50
735,639.0,345.0,63
736,642.9525146484375,340.275146484375,54
737,642.8964233398438,340.4688720703125,54
738,643.01953125,340.482177734375,54
739,643.0182495117188,340.53289794921875,54
740,627.5,341.5,62
741,628.4544677734375,338.1322326660156,49
742,628.7766723632812,338.0428771972656,47
743,628.7584838867188,338.17449951171875,47
744,628.7562255859375,338.32659912109375,47
745,640.0,350.0,66
746,646.6417236328125,347.26171875,54
747,647.2525634765625,347.35333251953125,54
748,648.1502685546875,347.5328063964844,54
749,649.072265625,347.4331970214844,54
750,631.0,344.0,65
751,636.0262451171875,340.0704650878906,49
752,640.5224609375,339.50128173828125,46
753,641.0177612304688,339.5930480957031,46
754,641.626220703125,339.809814453125,46
755,635.0,349.0,66
756,639.5439453125,347.0457763671875,51
757,642.3171997070312,348.1785583496094,50
758,642.5247802734375,348.31414794921875,50
759,642.9098510742188,348.4405517578125,50
760,640.0,340.0,55
761,646.2000122070312,338.1717224121094,41
762,647.2869262695312,337.5599365234375,40
763,647.3148193359375,337.8443603515625,40
764,647.7405395507812,337.6815490722656,40
765,643.0,351.0,69
766,655.07275390625,348.4197998046875,50
767,658.140869140625,348.3874206542969,45
768,658.5889892578125,349.56695556640625,44
769,658.6004638671875,349.3988037109375,44
770,643.0,349.0,69
771,649.95263671875,335.8488464355469,44
772,651.0596313476562,335.8192443847656,43
773,650.9393310546875,335.7344665527344,43
774,650.8494262695312,335.66162109375,43
775,652.5,352.5,80
776,665.9237670898438,351.7456970214844,49
777,665.9703979492188,351.5881042480469,49
778,665.9788818359375,351.4498596191406,49
779,666.2027587890625,351.159912109375,49
780,646.0,351.5,74
781,652.5128173828125,337.8052673339844,50
782,653.7266235351562,337.58526611328125,49
783,656.540771484375,337.59649658203125,48
784,656.807373046875,337.35870361328125,48
785,656.5,358.0,78
786,669.7718505859375,352.9283447265625,50
787,670.090087890625,353.2372131347656,50
788,670.1019897460938,353.3386535644531,50
789,670.091064453125,353.65289306640625,50
790,647.0,353.0,75
791,659.920654296875,347.37969970703125,49
792,663.9783935546875,347.9254150390625,46
793,663.8173828125,348.73565673828125,46
794,663.4776611328125,348.82232666015625,46
795,646.0,358.0,77
796,665.167724609375,355.8103942871094,54
797,666.0205078125,358.9114990234375,49
798,666.260009765625,358.00640869140625,48
799,666.148681640625,358.21063232421875,48
800,645.0,356.0,77
801,658.93896484375,355.0184326171875,53
802,661.2637329101562,355.8455505371094,47
803,661.3330078125,355.8233337402344,47
804,661.336181640625,355.6824951171875,47
805,645.0,354.5,80
806,656.534423828125,351.3671875,58
807,661.99072265625,352.8934326171875,53
808,663.1083374023438,353.88336181640625,52
809,663.0792236328125,355.2987976074219,51
810,654.0,355.5,70
811,666.1259155273438,355.7969055175781,51
812,666.693115234375,356.90118408203125,50
813,666.2546997070312,356.7989501953125,50
814,665.8349609375,356.835205078125,50
815,648.5,359.0,78
816,659.8543701171875,358.8644714355469,59
817,660.7201538085938,357.904052734375,56
818,659.69970703125,357.9832458496094,56
819,658.596435546875,357.903076171875,56
820,647.0,366.0,73
821,660.2830810546875,366.47674560546875,54
822,659.5093994140625,366.4618225097656,52
823,658.7293090820312,366.3243408203125,52
824,657.6376953125,366.2894592285156,52
825,646.0,364.0,71
826,653.8555908203125,364.95538330078125,56
827,654.0919799804688,364.86865234375,55
828,653.2357788085938,364.7110290527344,55
829,652.130615234375,364.6894836425781,55
830,639.5,362.5,74
831,650.0054931640625,367.959716796875,57
832,649.5565795898438,367.51934814453125,54
833,648.507568359375,367.5067138671875,54
834,647.2838745117188,367.6015625,54
835,639.0,365.5,66
836,645.1350708007812,369.9688720703125,51
837,644.5135498046875,370.9804382324219,50
838,643.4984130859375,370.9992980957031,50
839,642.5582275390625,371.03948974609375,50
840,642.0,367.0,67
841,651.8638305664062,369.9310302734375,55
842,650.9321899414062,369.88055419921875,55
843,650.3466186523438,369.8593444824219,55
844,649.3930053710938,369.6970520019531,55
845,633.5,367.0,64
846,638.6451416015625,370.4779052734375,46
847,638.9376831054688,369.7740478515625,45
848,638.2538452148438,369.6812744140625,45
849,637.771240234375,369.6468200683594,45
850,632.0,367.0,61
851,632.9734497070312,368.92626953125,47
852,633.6356201171875,368.102783203125,46
853,632.5700073242188,368.05841064453125,46
854,631.7030029296875,368.00579833984375,46
855,627.0,364.5,66
856,629.5465698242188,369.04315185546875,53
857,628.0177612304688,369.01251220703125,53
858,626.6342163085938,369.0156555175781,53
859,625.2030029296875,369.01751708984375,53
860,621.0,364.0,67
861,619.8007202148438,365.51593017578125,58
862,619.41796875,366.985595703125,56
863,618.0023193359375,366.99554443359375,56
864,616.7655029296875,366.975341796875,56
865,621.0,365.0,77
866,622.622314453125,366.1050720214844,65
867,621.7002563476562,366.1307067871094,65
868,621.0647583007812,366.1306457519531,65
869,620.1846923828125,366.1794738769531,65
870,618.0,363.0,77
871,619.0306396484375,369.2534484863281,67
872,619.3656005859375,369.262451171875,67
873,619.389892578125,369.2664489746094,67
874,620.2584838867188,369.3781433105469,67
875,616.5,363.0,70
876,615.1898803710938,365.49835205078125,60
877,615.442138671875,365.9630432128906,59
878,615.4212036132812,365.989501953125,59
879,614.7986450195312,366.0224609375,58
880,616.0,366.0,71
881,616.0916748046875,372.045654296875,62
882,616.8654174804688,372.0300598144531,62
883,617.7095947265625,372.0177001953125,62
884,618.3988647460938,372.0067443847656,62
885,614.0,369.0,73
886,613.9617919921875,374.12493896484375,60
887,613.9962768554688,374.2288818359375,59
888,614.2048950195312,374.32708740234375,58
889,615.0296630859375,374.43743896484375,58
890,620.0,366.0,73
891,616.3225708007812,366.1690673828125,57
892,616.1608276367188,368.3525390625,56
893,616.7921142578125,368.37353515625,56
894,617.4794921875,368.3702392578125,56
895,624.0,367.0,75
896,625.2662353515625,370.429443359375,58
897,625.4901123046875,370.4648132324219,58
898,625.7901611328125,370.4317932128906,58
899,625.9534912109375,370.440673828125,58
900,621.5,365.5,76
901,620.8236083984375,366.5215148925781,60
902,620.4910888671875,366.2589416503906,59
903,621.0497436523438,366.2643127441406,59
904,621.3381958007812,366.32147216796875,59
905,625.5,364.5,76
906,624.57958984375,366.93939208984375,61
907,625.7218017578125,367.0137939453125,60
908,625.946044921875,367.016357421875,60
909,626.1049194335938,367.007568359375,60
910,618.0,365.0,80
911,613.9877319335938,366.92669677734375,65
912,608.9776611328125,366.8277893066406,61
913,606.8673095703125,370.2559814453125,58
914,607.0535888671875,370.05035400390625,58
915,623.5,363.5,72
916,616.534912109375,366.91876220703125,59
917,613.210693359375,366.7146301269531,55
918,609.2091064453125,367.9521179199219,52
919,607.7782592773438,369.08428955078125,51
920,629.0,363.0,79
921,624.6098022460938,362.8651123046875,67
922,618.9157104492188,362.67901611328125,63
923,616.5374145507812,362.48748779296875,61
924,613.96875,362.3769836425781,59
925,631.0,361.0,80
926,625.4884033203125,361.8733215332031,62
927,621.0821533203125,361.6268615722656,60
928,618.4366455078125,360.3207702636719,59
929,617.1011352539062,360.10516357421875,58
930,621.0,360.0,80
931,613.4874267578125,362.73492431640625,65
932,607.4896240234375,361.5762939453125,60
933,606.026123046875,364.1922912597656,58
934,605.09326171875,363.98663330078125,58
935,622.0,364.0,80
936,611.3924560546875,367.0580139160156,65
937,607.7977294921875,367.61163330078125,60
938,605.6512451171875,367.7423400878906,58
939,604.911376953125,368.052734375,57
940,611.0,367.0,77
941,597.0731201171875,370.5151062011719,60
942,587.0574951171875,370.996337890625,53
943,585.8950805664062,371.16607666015625,51
944,585.1969604492188,371.16046142578125,51
945,618.0,366.0,80
946,603.1878662109375,377.5740966796875,62
947,597.0751953125,380.0270690917969,54
948,592.9827880859375,380.148193359375,51
949,587.866455078125,380.2783203125,49
950,609.0,365.5,78
951,595.9642333984375,368.5572204589844,62
952,589.800537109375,368.75006103515625,56
953,586.1971435546875,370.41802978515625,54
954,584.2102661132812,371.3275146484375,53
955,615.0,365.0,75
956,603.5308227539062,366.4820556640625,60
957,594.9970092773438,368.7746887207031,55
958,591.5237426757812,372.6686096191406,51
959,586.4852905273438,373.99688720703125,48
960,591.0,358.0,73
961,576.5642700195312,359.0606689453125,57
962,572.1770629882812,362.9147033691406,51
963,568.6748657226562,366.11309814453125,48
964,568.1984252929688,367.4423522949219,48
965,608.5,363.5,64
966,596.502685546875,365.271484375,54
967,588.3892822265625,364.77532958984375,50
968,584.6890869140625,367.78460693359375,48
969,582.9130249023438,369.3071594238281,47
970,609.0,363.0,63
971,602.7373046875,360.961669921875,51
972,602.1104736328125,361.91729736328125,49
973,601.784423828125,362.93505859375,49
974,601.4226684570312,364.00738525390625,49
975,616.0,368.0,52
976,616.0112915039062,364.31158447265625,36
977,617.0499877929688,363.5196228027344,35
978,617.5181884765625,363.656494140625,34
979,617.3328857421875,365.00592041015625,34
980,623.0,371.0,49
981,622.93408203125,364.75054931640625,36
982,626.2196655273438,363.5271911621094,34
983,626.0033569335938,364.51123046875,34
984,625.4622802734375,365.2606201171875,34
985,612.0,375.0,39
986,611.535888671875,372.4503173828125,32
987,610.92626953125,372.87579345703125,32
988,611.1251220703125,372.91082763671875,32
989,610.6061401367188,372.9136962890625,32
990,620.0,374.0,33
991,624.8485107421875,371.98907470703125,28
992,624.6748046875,371.91412353515625,28
993,624.4518432617188,371.5628662109375,28
994,624.4937133789062,371.1385498046875,28
995,623.0,372.0,30
996,627.081787109375,368.4787902832031,25
997,626.5179443359375,367.8631591796875,25
998,627.0332641601562,367.2759094238281,25
999,627.151611328125,366.73358154296875,25
1000,618.5,370.5,32
1001,624.5689086914062,366.7203369140625,26
1002,627.0440063476562,364.5758056640625,25
1003,627.6468505859375,364.0254211425781,25
1004,628.2866821289062,363.28143310546875,25
1005,615.0,362.0,41
1006,616.074462890625,361.28326416015625,34
1007,617.7318725585938,360.3627014160156,33
1008,618.3738403320312,359.4437561035156,33
1009,619.1580810546875,358.52032470703125,33
1010,622.0,358.0,48
1011,624.88232421875,356.94940185546875,35
1012,626.2830810546875,354.3863525390625,34
1013,626.7376708984375,353.3868408203125,34
1014,627.2610473632812,352.4036560058594,34
1015,611.5,354.0,52
1016,608.27099609375,352.92144775390625,44
1017,608.09228515625,352.6083068847656,44
1018,609.1572875976562,351.7563171386719,44
1019,609.8065185546875,351.2650146484375,44
1020,618.5,351.0,54
1021,612.5930786132812,350.7189025878906,45
1022,608.0643310546875,350.3154602050781,44
1023,603.3008422851562,349.9883117675781,43
1024,604.7966918945312,349.5398254394531,43
1025,615.0,353.0,53
1026,602.185791015625,351.2423095703125,46
1027,600.0076904296875,349.398681640625,43
1028,595.068115234375,349.0522766113281,41
1029,594.8006591796875,348.7619323730469,40
1030,628.0,351.0,53
1031,627.6588134765625,348.7574462890625,42
1032,627.3658447265625,348.7384338378906,42
1033,626.983154296875,348.688232421875,42
1034,626.6748046875,348.57513427734375,42
1035,616.0,348.0,53
1036,607.3724975585938,346.9365234375,45
1037,605.2129516601562,346.7786865234375,44
1038,603.7303466796875,346.50408935546875,44
1039,602.437255859375,346.31365966796875,44
1040,615.0,351.0,55
1041,607.4608154296875,351.20654296875,46
1042,601.5992431640625,349.92510986328125,44
1043,599.0018310546875,348.81170654296875,42
1044,598.393798828125,348.41619873046875,42
1045,606.5,348.5,58
1046,593.3637084960938,347.380859375,51
1047,591.8289794921875,343.4324035644531,49
1048,590.564453125,343.2322082519531,49
1049,589.4365844726562,342.765380859375,49
1050,612.5,345.5,50
1051,611.25439453125,344.2608642578125,42
1052,609.9176635742188,343.84295654296875,42
1053,609.0665283203125,343.3585205078125,42
1054,607.9929809570312,343.06353759765625,42
1055,609.0,345.0,56
1056,612.9310302734375,342.49169921875,49
1057,612.0462646484375,341.8121032714844,48
1058,611.1749267578125,341.64483642578125,48
1059,610.605224609375,340.76348876953125,48
1060,602.5,342.5,56
1061,594.5061645507812,342.8616638183594,49
1062,592.0330200195312,342.9470520019531,47
1063,591.6866455078125,342.92706298828125,47
1064,591.5291137695312,342.92584228515625,47
1065,602.0,340.0,52
1066,601.99560546875,339.8343811035156,49
1067,602.1981201171875,339.9347839355469,49
1068,602.6078491210938,339.8702392578125,49
1069,602.6516723632812,339.913818359375,49
1070,603.5,340.5,52
1071,604.6136474609375,339.9759826660156,50
1072,605.6162109375,339.94000244140625,49
1073,606.201416015625,339.954833984375,49
1074,607.421142578125,340.0033264160156,49
1075,603.0,345.0,63
1076,602.4707641601562,343.01214599609375,54
1077,603.6407470703125,343.13519287109375,54
1078,604.6354370117188,343.247802734375,54
1079,606.0647583007812,343.3336181640625,54
1080,603.0,343.0,61
1081,599.033935546875,344.25665283203125,54
1082,594.2498779296875,343.6761169433594,51
1083,595.0467529296875,343.4068603515625,49
1084,596.401611328125,343.5626525878906,49
1085,605.0,343.0,62
1086,595.4528198242188,344.31195068359375,53
1087,596.3775634765625,343.8802185058594,52
1088,597.7042236328125,344.1492919921875,52
1089,598.888916015625,344.5020751953125,52
1090,612.0,345.0,63
1091,604.2233276367188,346.3389892578125,54
1092,600.04443359375,345.63568115234375,51
1093,601.5181884765625,345.4416809082031,49
1094,603.1402587890625,345.8550109863281,49
1095,620.0,346.0,55
1096,618.7666015625,344.4975280761719,45
1097,619.5322265625,344.95050048828125,45
1098,620.137451171875,345.5283203125,45
1099,621.4966430664062,345.7306213378906,45
1100,625.0,348.5,56
1101,629.8167724609375,346.385009765625,48
1102,632.4678955078125,346.7943115234375,46
1103,633.3157958984375,347.0830383300781,46
1104,634.0657958984375,347.570068359375,46
1105,626.5,351.0,54
1106,626.2619018554688,352.88018798828125,48
1107,627.1220703125,352.93731689453125,48
1108,628.091796875,352.9217529296875,48
1109,628.943603515625,352.94281005859375,48
1110,635.5,349.0,48
1111,636.4656982421875,346.97174072265625,39
1112,637.535888671875,346.9344177246094,39
1113,638.5892333984375,346.67694091796875,39
1114,639.82958984375,346.8357849121094,39
1115,627.0,352.0,52
1116,616.7667846679688,352.8219909667969,47
1117,608.410888671875,346.2309265136719,44
1118,607.3587036132812,349.55914306640625,42
1119,607.2535400390625,352.5768737792969,41
1120,646.0,349.0,63
1121,650.9720458984375,346.88665771484375,53
1122,654.1971435546875,345.9292907714844,49
1123,655.355224609375,343.81640625,48
1124,655.3576049804688,343.77490234375,48
1125,641.5,349.0,62
1126,643.4344482421875,346.98992919921875,50
1127,643.526611328125,346.9662170410156,50
1128,643.4259033203125,346.92730712890625,50
1129,643.898193359375,346.7386474609375,50
1130,636.0,348.0,55
1131,625.90185546875,346.2491455078125,48
1132,620.1885986328125,344.9410400390625,43
1133,620.020263671875,344.95721435546875,43
1134,619.76611328125,344.88397216796875,43
1135,637.5,351.0,64
1136,632.7708740234375,350.9437255859375,56
1137,629.4835205078125,350.80889892578125,55
1138,627.359130859375,349.3302001953125,54
1139,625.0284423828125,347.78875732421875,53
1140,622.0,350.0,63
1141,616.6453857421875,350.22430419921875,55
1142,613.0501098632812,349.5328369140625,54
1143,611.1937255859375,349.76068115234375,54
1144,610.0929565429688,349.72283935546875,54
1145,620.0,349.5,60
1146,608.4292602539062,350.9755859375,55
1147,599.4677124023438,349.2786865234375,51
1148,594.3217163085938,350.93731689453125,48
1149,593.421142578125,351.0015869140625,48
1150,612.5,351.0,62
1151,603.383056640625,350.9757080078125,53
1152,602.2875366210938,349.8085632324219,51
1153,601.9953002929688,349.6001281738281,51
1154,602.034423828125,350.2616271972656,51
1155,611.0,350.0,57
1156,602.3934936523438,350.8168029785156,52
1157,599.53076171875,350.20062255859375,50
1158,599.6395263671875,350.38623046875,50
1159,599.9918212890625,350.43292236328125,50
1160,607.0,352.0,62
1161,598.4617309570312,352.3501281738281,54
1162,598.3115234375,352.502685546875,54
1163,598.3472900390625,352.5364990234375,54
1164,598.1469116210938,352.7232971191406,54
1165,614.5,351.5,60
1166,604.6874389648438,351.1960144042969,51
1167,601.247802734375,350.4615173339844,48
1168,601.5489501953125,350.573974609375,48
1169,602.4688720703125,350.708251953125,48
1170,608.5,357.5,54
1171,596.8438720703125,357.5133056640625,46
1172,595.7101440429688,357.351806640625,45
1173,595.0447387695312,357.38580322265625,45
1174,593.2445678710938,357.93243408203125,44
1175,607.5,355.5,50
1176,595.5761108398438,354.4176025390625,42
1177,594.0992431640625,355.380126953125,40
1178,593.9454345703125,355.41278076171875,39
1179,594.2647705078125,356.086669921875,39
1180,616.0,358.0,48
1181,596.7738647460938,358.0559997558594,39
1182,593.8899536132812,358.1777648925781,36
1183,592.404052734375,358.6526794433594,35
1184,593.293212890625,359.0809020996094,35
1185,623.0,355.0,65
1186,612.1226196289062,356.3991394042969,55
1187,612.4111328125,355.7561950683594,53
1188,613.0365600585938,356.116943359375,53
1189,614.07763671875,356.3258972167969,53
1190,628.0,359.0,57
1191,615.0009765625,356.32000732421875,48
1192,609.0859375,355.563232421875,44
1193,607.7071533203125,356.88482666015625,42
1194,608.1451416015625,357.218017578125,42
1195,628.0,353.0,52
1196,621.4744262695312,350.4801025390625,45
1197,621.9952392578125,350.6177978515625,44
1198,621.7427978515625,351.055419921875,44
1199,622.6590576171875,351.58489990234375,44
1200,642.0,358.0,47
1201,645.7152099609375,357.4210205078125,40
1202,648.0178833007812,354.6060791015625,37
1203,648.0180053710938,354.8086853027344,37
1204,647.8958129882812,355.2782287597656,37
1205,629.5,361.0,52
1206,618.0811157226562,362.2455749511719,47
1207,611.9605712890625,362.7380065917969,45
1208,611.8150024414062,362.76824951171875,45
1209,611.7518920898438,363.0808410644531,45
1210,633.0,360.0,61
1211,632.6928100585938,360.0119323730469,51
1212,632.3973999023438,359.9190979003906,51
1213,632.255859375,359.44732666015625,51
1214,631.859375,359.140625,51
1215,631.0,356.5,66
1216,622.2243041992188,356.42230224609375,55
1217,620.4603271484375,355.1213684082031,52
1218,619.48046875,355.0473937988281,52
1219,619.100830078125,354.26171875,52
1220,621.5,358.5,62
1221,617.6993408203125,357.9942321777344,57
1222,611.168212890625,356.9704895019531,55
1223,609.1513671875,356.7490234375,53
1224,608.170166015625,356.1548767089844,52
1225,611.0,356.0,67
1226,604.53369140625,356.20989990234375,59
1227,603.7699584960938,355.21026611328125,58
1228,603.3209228515625,354.78271484375,58
1229,602.5468139648438,354.5719909667969,58
1230,628.0,355.0,78
1231,630.259765625,353.5078125,68
1232,632.9799194335938,352.64947509765625,64
1233,632.3955688476562,351.3127136230469,63
1234,631.52880859375,350.7637023925781,63
1235,612.0,352.0,67
1236,603.7592163085938,354.5584411621094,57
1237,602.555419921875,353.5404052734375,56
1238,602.9443969726562,353.2308349609375,56
1239,603.272216796875,352.7367248535156,56
1240,616.0,346.5,64
1241,614.7440185546875,347.110595703125,56
1242,614.771240234375,346.8271179199219,55
1243,615.2028198242188,345.9334411621094,55
1244,614.7918701171875,345.88055419921875,55
1245,615.0,342.0,63
1246,612.5947265625,342.5352478027344,57
1247,610.9274291992188,342.3254089355469,56
1248,609.7982177734375,342.29583740234375,55
1249,608.3231201171875,341.15631103515625,53
1250,613.5,345.0,62
1251,607.10498046875,347.6340637207031,58
1252,605.6077880859375,347.0150146484375,56
1253,606.4954833984375,346.3265686035156,56
1254,607.4281005859375,345.7396545410156,56
1255,604.0,347.0,48
1256,600.0202026367188,352.6288757324219,43
1257,600.4984741210938,352.93328857421875,41
1258,601.39306640625,352.1966857910156,41
1259,602.6685791015625,351.341796875,41
1260,612.0,342.0,57
1261,608.5003051757812,347.7590637207031,51
1262,606.6507568359375,349.0278015136719,49
1263,606.437255859375,349.84576416015625,48
1264,607.89892578125,349.1318359375,48
1265,618.5,339.5,50
1266,618.9610595703125,343.34619140625,47
1267,617.0572509765625,343.45684814453125,46
1268,613.7432861328125,345.926025390625,44
1269,613.3052978515625,345.5996398925781,42
1270,616.0,345.0,41
1271,615.0130615234375,346.16326904296875,38
1272,614.9378662109375,345.89501953125,37
1273,615.9066162109375,345.35693359375,37
1274,616.9153442382812,345.2994079589844,37
1275,624.0,336.5,34
1276,623.003662109375,340.7957763671875,32
1277,623.5106811523438,344.2732849121094,31
1278,624.6575317382812,343.9251403808594,31
1279,625.857666015625,343.4207458496094,31
1280,627.0,337.0,35
1281,626.54833984375,338.19366455078125,34
1282,627.6468505859375,337.97509765625,34
1283,628.4287109375,338.2333984375,34
1284,629.2015380859375,338.39837646484375,34
1285,627.5,339.5,26
1286,627.660888671875,339.38519287109375,26
1287,627.9071044921875,339.28265380859375,26
1288,627.9622802734375,338.90869140625,26
1289,627.7509155273438,338.560546875,26
1290,628.0,342.0,34
1291,627.5237426757812,341.725830078125,34
1292,627.0064697265625,341.30950927734375,34
1293,626.4630126953125,340.9119873046875,34
1294,625.8082885742188,340.4398193359375,34
1295,626.0,340.0,27
1296,625.3150024414062,339.77252197265625,27
1297,624.3587646484375,339.9037170410156,27
1298,623.8108520507812,339.64263916015625,27
1299,623.3173217773438,339.94293212890625,27
1300,617.0,337.0,25
1301,615.7994384765625,337.03369140625,25
1302,614.70703125,337.05084228515625,25
1303,613.8243408203125,336.7753601074219,25
1304,613.2094116210938,336.7428283691406,25
1305,600.0,344.0,27
1306,599.4364624023438,344.18597412109375,27
1307,598.9908447265625,344.2001647949219,27
1308,598.4918212890625,344.2124328613281,27
1309,597.4742431640625,344.4713439941406,27
1310,595.0,345.0,27
1311,593.5878295898438,344.99420166015625,27
1312,591.4580078125,345.1949768066406,27
1313,589.1858520507812,345.5188903808594,27
1314,587.1890869140625,345.4677734375,27
1315,580.0,346.0,26
1316,578.0101318359375,346.3013916015625,26
1317,576.2161865234375,346.8074951171875,26
1318,574.104736328125,347.06005859375,26
1319,572.10546875,347.23248291015625,26
1320,573.5,347.0,28
1321,571.4485473632812,347.90008544921875,28
1322,569.4874267578125,348.46636962890625,28
1323,567.8956298828125,348.7587890625,28
1324,566.2277221679688,349.30645751953125,28
1325,561.5,338.5,28
1326,560.2294921875,338.84552001953125,28
1327,558.9793701171875,339.12200927734375,28
1328,557.052978515625,339.531982421875,28
1329,556.261962890625,339.32281494140625,28
1330,560.5,347.0,24
1331,560.0161743164062,347.0137634277344,24
1332,559.8626708984375,346.96331787109375,24
1333,559.295166015625,346.93634033203125,24
1334,559.220703125,346.66412353515625,24
1335,562.0,353.0,23
1336,562.7852783203125,352.77490234375,23
1337,562.9353637695312,352.55169677734375,23
1338,563.491943359375,352.3844909667969,23
1339,564.0573120117188,352.158935546875,23
1340,563.0,347.5,24
1341,563.4429931640625,347.60003662109375,24
1342,564.2220458984375,347.4103698730469,24
1343,564.4469604492188,347.33502197265625,24
1344,564.974365234375,347.74639892578125,24
1345,568.0,355.0,23
1346,568.322509765625,355.3548278808594,23
1347,568.6487426757812,355.5126953125,23
1348,569.5098876953125,355.9355163574219,23
1349,569.7608642578125,356.18017578125,23
1350,561.0,341.0,29
1351,561.4490356445312,341.4811096191406,29
1352,561.7492065429688,341.5742492675781,29
1353,562.2119140625,342.3076477050781,29
1354,562.5426025390625,342.621337890625,29
1355,561.0,345.0,25
1356,560.4713134765625,345.54071044921875,25
1357,560.361328125,346.55474853515625,25
1358,559.897216796875,347.1183776855469,25
1359,559.6375122070312,347.3348693847656,25
1360,561.0,356.0,23
1361,560.20263671875,356.18939208984375,23
1362,560.0394287109375,356.7293701171875,23
1363,559.6998291015625,357.2636413574219,23
1364,559.0502319335938,357.5926818847656,23
1365,560.5,354.5,20
1366,559.77001953125,355.074462890625,20
1367,559.5015869140625,355.71429443359375,20
1368,558.694580078125,356.2776184082031,20
1369,558.3811645507812,357.0590515136719,20
1370,563.0,371.0,21
1371,562.5437622070312,371.56256103515625,21
1372,561.8097534179688,371.8282470703125,21
1373,561.9216918945312,371.7815246582031,21
1374,562.0801391601562,371.9640197753906,21
1375,555.0,372.0,23
1376,555.008544921875,372.00518798828125,23
1377,555.1051025390625,372.16473388671875,23
1378,555.2031860351562,372.1172180175781,23
1379,555.74267578125,372.2731628417969,23
1380,563.0,373.0,19
1381,563.434326171875,373.1207275390625,19
1382,563.59765625,373.08331298828125,19
1383,564.0748291015625,373.3509521484375,19
1384,564.520263671875,373.2345886230469,19
1385,565.0,372.0,21
1386,562.3181762695312,369.98406982421875,20
1387,562.7457885742188,370.17303466796875,20
1388,563.4725341796875,370.15863037109375,20
1389,564.167724609375,370.1850280761719,20
1390,562.0,361.0,23
1391,563.52099609375,360.9803771972656,23
1392,564.94677734375,360.7139892578125,23
1393,566.7777099609375,360.53948974609375,23
1394,568.4957885742188,359.826171875,23
1395,568.0,362.0,25
1396,570.0254516601562,361.4741516113281,25
1397,571.8325805664062,361.022705078125,25
1398,573.7820434570312,360.5790100097656,25
1399,575.76318359375,360.2044372558594,25
1400,582.5,350.5,26
1401,584.4395751953125,350.28009033203125,26
1402,586.7996826171875,349.99871826171875,26
1403,590.1649169921875,349.5561828613281,26
1404,590.443115234375,349.07977294921875,25
1405,589.0,349.0,20
1406,591.7518310546875,348.96722412109375,20
1407,594.7830810546875,349.0653076171875,20
1408,597.8095703125,349.2685546875,20
1409,600.621337890625,349.91339111328125,20
1410,606.0,350.0,21
1411,608.82470703125,350.1286926269531,21
1412,611.7317504882812,350.6073913574219,21
1413,614.0088500976562,350.8382568359375,21
1414,616.68212890625,351.1280517578125,21
1415,622.0,351.0,21
1416,624.6906127929688,351.15814208984375,21
1417,627.4136352539062,351.7475891113281,21
1418,629.6438598632812,352.1883544921875,21
1419,632.3192749023438,352.9092102050781,21
1420,634.5,357.0,18
1421,636.5740966796875,357.2080078125,18
1422,638.411376953125,357.5771484375,18
1423,640.287353515625,357.94720458984375,18
1424,641.2670288085938,358.4676818847656,18
1425,642.0,353.0,17
1426,643.0948486328125,353.5928039550781,17
1427,644.0989379882812,353.49896240234375,17
1428,644.6451416015625,353.6966552734375,17
1429,644.7310180664062,353.2461853027344,17
1430,640.5,359.5,20
1431,640.1344604492188,359.26446533203125,20
1432,639.7132568359375,359.0799560546875,20
1433,639.1148681640625,359.15185546875,20
1434,638.6245727539062,358.6154479980469,20
1435,640.5,356.5,18
1436,639.6824951171875,355.97027587890625,18
1437,638.7839965820312,355.48944091796875,18
1438,637.6678466796875,355.11138916015625,18
1439,636.2615966796875,354.5233154296875,18
1440,637.0,351.0,21
1441,635.5738525390625,350.61822509765625,21
1442,633.8844604492188,349.716796875,21
1443,632.2874755859375,349.520751953125,21
1444,630.4448852539062,348.4411926269531,21
1445,629.0,352.0,19
1446,627.4066772460938,351.0051574707031,19
1447,625.6741333007812,350.44964599609375,19
1448,623.7952880859375,349.7482604980469,19
1449,629.5744018554688,345.39300537109375,17
1450,632.0,353.0,19
1451,630.7257690429688,352.2579345703125,19
1452,629.0678100585938,351.7120666503906,19
1453,627.892578125,351.4300231933594,19
1454,626.1856079101562,350.8869934082031,19
1455,620.5,347.5,18
1456,619.239013671875,347.3032531738281,18
1457,617.9765625,346.8926086425781,18
1458,617.2767944335938,346.806640625,18
1459,616.104248046875,346.646484375,18
1460,610.0,347.0,17
1461,609.88525390625,346.99285888671875,17
1462,608.9845581054688,346.7867431640625,17
1463,608.719482421875,347.1524963378906,17
1464,608.6277465820312,347.3106384277344,17
1465,613.5,345.0,14
1466,613.0030517578125,345.01226806640625,14
1467,613.2401123046875,345.0314025878906,14
1468,613.1602172851562,345.60760498046875,14
1469,613.3953247070312,345.7372741699219,14
1470,607.5,349.0,14
1471,607.55224609375,349.2280578613281,14
1472,607.916748046875,349.34698486328125,14
1473,608.365478515625,349.56451416015625,14
1474,609.014404296875,350.1443176269531,14
1475,608.5,357.0,14
1476,609.0226440429688,357.49951171875,14
1477,609.8184204101562,357.8731689453125,14
1478,610.9081420898438,358.2377624511719,14
1479,611.6505126953125,358.76397705078125,14
1480,612.0,353.0,13
1481,613.189453125,353.3300476074219,13
1482,614.3844604492188,353.56585693359375,13
1483,615.6034545898438,354.50653076171875,13
1484,617.2728881835938,354.4660339355469,13
1485,620.0,350.5,12
1486,621.129150390625,350.5481872558594,12
1487,622.474365234375,350.78106689453125,12
1488,623.81591796875,350.62420654296875,12
1489,625.0391845703125,350.8375244140625,12
1490,628.0,353.0,13
1491,628.9718627929688,353.30084228515625,13
1492,629.9803466796875,353.2867736816406,13
1493,631.5441284179688,353.4918518066406,13
1494,632.5482788085938,353.5799560546875,13
1495,638.0,349.0,14
1496,638.6241455078125,349.05975341796875,14
1497,639.7937622070312,349.30072021484375,14
1498,640.4639282226562,349.6573181152344,14
1499,641.4373168945312,349.7164611816406,14
1500,641.5,353.5,12
1501,641.7398681640625,353.4168701171875,12
1502,642.0751342773438,353.7437744140625,12
1503,642.2407836914062,353.97637939453125,12
1504,642.2581176757812,354.12115478515625,12
1505,645.5,353.5,14
1506,645.6622924804688,353.99102783203125,14
1507,645.5803833007812,354.0440673828125,14
1508,645.326171875,354.0482482910156,14
1509,645.288818359375,354.02008056640625,14
1510,641.0,357.5,14
1511,640.8550415039062,357.4654846191406,14
1512,640.3507080078125,357.48577880859375,14
1513,639.5695190429688,357.2514343261719,14
1514,638.9154052734375,357.3349609375,14
1515,641.5,358.0,18
1516,640.3499755859375,357.943603515625,18
1517,639.306884765625,357.94561767578125,18
1518,638.21923828125,357.77838134765625,18
1519,637.3267822265625,357.61920166015625,18
1520,636.0,358.0,15
1521,634.9939575195312,358.1595153808594,15
1522,633.3760986328125,358.05218505859375,15
1523,632.3069458007812,357.9866027832031,15
1524,631.1248779296875,358.12060546875,15
1525,630.0,358.0,15
1526,628.9749145507812,358.0066223144531,15
1527,627.7589721679688,357.9161682128906,15
1528,626.8300170898438,357.96612548828125,15
1529,625.8206787109375,357.9441223144531,15
1530,621.0,357.5,18
1531,620.2145385742188,357.7442626953125,18
1532,619.753662109375,357.59576416015625,18
1533,618.7197265625,357.7171630859375,18
1534,618.1005859375,357.7817077636719,18
1535,618.0,356.5,14
1536,617.4552001953125,356.892333984375,14
1537,616.9299926757812,356.989990234375,14
1538,616.4356689453125,357.06256103515625,14
1539,615.6754150390625,357.48358154296875,14
1540,612.0,359.0,17
1541,611.2312622070312,359.1815185546875,17
1542,610.6570434570312,359.14520263671875,17
1543,610.2302856445312,359.150146484375,17
1544,609.655517578125,359.22503662109375,17
1545,607.5,359.5,14
1546,606.9085693359375,359.59942626953125,14
1547,606.396240234375,359.55706787109375,14
1548,605.9208984375,359.5786437988281,14
1549,605.4244384765625,359.6504821777344,14
1550,613.0,352.0,17
1551,612.5914916992188,351.8001708984375,17
1552,611.873779296875,352.20318603515625,17
1553,611.6981201171875,351.84820556640625,17
1554,611.5276489257812,351.8825378417969,17
1555,611.0,361.0,19
1556,610.5953979492188,360.9894714355469,19
1557,610.5841064453125,360.9920349121094,19
1558,610.4362182617188,360.9884948730469,19
1559,610.3726806640625,361.4909362792969,19
1560,622.0,361.0,21
1561,622.2808227539062,361.0017395019531,21
1562,622.7753295898438,361.16986083984375,21
1563,623.46435546875,360.74761962890625,21
1564,623.8782958984375,361.31524658203125,21
1565,609.0,361.5,16
1566,611.4962158203125,361.5938415527344,16
1567,612.4293212890625,361.9443664550781,16
1568,613.2633056640625,362.1282653808594,16
1569,613.9703369140625,362.2451171875,16
1570,611.0,366.0,15
1571,611.5814208984375,366.0884704589844,15
1572,612.5584106445312,366.0704650878906,15
1573,613.2529907226562,366.42755126953125,15
1574,613.7966918945312,366.7176513671875,15
1575,617.5,368.5,16
1576,617.971435546875,368.66754150390625,16
1577,618.4828491210938,368.9804992675781,16
1578,618.9539794921875,369.095458984375,16
1579,619.172119140625,369.21539306640625,16
1580,619.5,366.5,16
1581,619.7230224609375,366.80706787109375,16
1582,620.1836547851562,366.98309326171875,16
1583,620.58056640625,367.3255920410156,16
1584,620.76220703125,367.1271057128906,16
1585,621.5,372.0,16
1586,621.5205078125,371.95001220703125,16
1587,621.7601928710938,372.4462585449219,16
1588,621.8524169921875,372.783203125,16
1589,622.0352783203125,372.77313232421875,16
1590,619.0,367.0,13
1591,619.304931640625,367.251953125,13
1592,619.3099975585938,367.5296630859375,13
1593,619.3660888671875,367.8482971191406,13
1594,619.3862915039062,367.80377197265625,13
1595,618.5,368.5,12
1596,618.4994506835938,368.5579833984375,12
1597,618.506591796875,368.54571533203125,12
1598,618.4180297851562,368.7654724121094,12
1599,618.43603515625,368.7842712402344,12
1600,622.0,367.5,14
1601,621.9884033203125,367.5030212402344,14
1602,622.002197265625,367.5766296386719,14
1603,621.9820556640625,367.5272216796875,14
1604,621.77685546875,367.5575256347656,14
1605,624.0,362.0,13
1606,623.9699096679688,361.9873962402344,13
1607,623.9140625,361.9711608886719,13
1608,623.9191284179688,361.9774475097656,13
1609,623.5701904296875,362.3842468261719,13
1610,620.5,366.0,12
1611,620.4030151367188,366.298583984375,12
1612,619.9322509765625,366.788818359375,12
1613,619.782470703125,367.0457458496094,12
1614,619.7636108398438,367.15960693359375,12
1615,740.0,341.0,39
1616,739.7562255859375,346.41986083984375,39
1617,739.9255981445312,351.4034423828125,39
1618,741.3511962890625,355.22369384765625,38
1619,741.86962890625,361.2059326171875,38
1620,736.0,342.0,39
1621,736.1171875,346.9062194824219,39
1622,736.4375610351562,352.8375549316406,39
1623,736.9107666015625,357.5360107421875,39
1624,736.9561157226562,363.21014404296875,39
1625,737.0,355.0,41
1626,737.173095703125,360.2580261230469,41
1627,737.1254272460938,365.9027404785156,41
1628,737.4171142578125,372.0587463378906,41
1629,738.2572021484375,378.23284912109375,41
1630,735.0,348.0,43
1631,735.0810546875,353.3119812011719,43
1632,735.0574340820312,358.51324462890625,43
1633,734.8250122070312,363.6987609863281,43
1634,734.72802734375,369.1583557128906,43
1635,622.0,374.5,14
1636,622.0216064453125,374.25506591796875,14
1637,622.1371459960938,374.3010559082031,14
1638,622.1793212890625,374.24688720703125,14
1639,622.2513427734375,374.21728515625,14
1640,625.0,374.0,13
1641,624.9286499023438,373.42108154296875,13
1642,625.08056640625,373.3189697265625,13
1643,625.1571044921875,372.80999755859375,13
1644,623.6937255859375,372.2724304199219,13
1645,704.0,382.0,31
1646,713.3883056640625,387.79095458984375,20
1647,709.2009887695312,392.89971923828125,19
1648,704.1146850585938,398.0664367675781,19
1649,700.9334106445312,403.1670227050781,19
1650,599.5,370.5,14
1651,599.6522827148438,370.0001220703125,14
1652,599.6781005859375,369.53167724609375,14
1653,599.7940673828125,368.5512390136719,14
1654,599.8076171875,367.7845458984375,14
1655,595.0,367.0,17
1656,595.2600708007812,371.548828125,17
1657,595.4312133789062,371.7590026855469,17
1658,596.042236328125,366.92352294921875,16
1659,596.5860595703125,362.0963134765625,15
1660,598.0,368.5,12
